{
    "4": {
        "dt": [
            675.161399528035,
            270.7188391640084,
            139.7359424799797,
            238.63455002103,
            254.7593320439919,
            167.57523565698648,
            70.17665102600586,
            441.1396236649598,
            125.30850795801962,
            315.5780200190493
        ],
        "success": [
            true,
            true,
            true,
            true,
            true,
            true,
            true,
            true,
            true,
            true
        ],
        "mean_dt": 269.8788101562066,
        "mean_success": 1.0,
        "mean_success_t": 269.8788101562066
    },
    "8": {
        "dt": [
            93.55792123998981,
            138.30935642396798,
            183.13826976099517,
            230.95872187201167,
            253.69541067397222,
            143.15914619900286,
            64.34280827298062,
            640.8839856080012,
            216.43456193897873,
            274.46555958199315
        ],
        "success": [
            true,
            true,
            true,
            true,
            true,
            true,
            true,
            true,
            true,
            true
        ],
        "mean_dt": 223.89457415718934,
        "mean_success": 1.0,
        "mean_success_t": 223.89457415718934
    },
    "16": {
        "dt": [
            135.2524099299917,
            346.52888918702956,
            144.78076864604373,
            297.9319956760155,
            467.5132564610103,
            195.09414719394408,
            58.27913002995774,
            67.4638547730865,
            29.23000698396936,
            51.50912593898829
        ],
        "success": [
            true,
            true,
            true,
            true,
            true,
            true,
            true,
            true,
            true,
            true
        ],
        "mean_dt": 179.35835848200367,
        "mean_success": 1.0,
        "mean_success_t": 179.35835848200367
    },
    "32": {
        "dt": [
            214.1825297200121,
            106.4622503760038,
            169.30401370790787,
            141.98024121904746,
            167.61790101206861,
            107.07315277599264,
            116.9380405700067,
            84.23623794293962,
            98.95443068991881,
            172.38411946594715
        ],
        "success": [
            true,
            true,
            true,
            true,
            true,
            true,
            true,
            true,
            true,
            true
        ],
        "mean_dt": 137.9132917479845,
        "mean_success": 1.0,
        "mean_success_t": 137.9132917479845
    },
    "64": {
        "dt": [
            201.06137143203523,
            111.16807690600399,
            134.9411239080364,
            99.68559241306502,
            112.74480819096789,
            196.9967160410015,
            167.06458796700463,
            305.5028696330264,
            146.1591706390027,
            312.02587303495966
        ],
        "success": [
            true,
            true,
            true,
            true,
            true,
            true,
            true,
            false,
            true,
            false
        ],
        "mean_dt": 178.73501901651034,
        "mean_success": 0.8,
        "mean_success_t": 149.05685741535854
    }
}