{
    "4": {
        "dt": [
            97.76302670803852
        ],
        "success": [
            true
        ],
        "mean_dt": 97.76302670803852,
        "mean_success": 1.0
    }
}