{
    "normal": {
        "dt": [
            342.8395164969843
        ],
        "success": [
            false
        ],
        "mean_dt": 342.8395164969843,
        "mean_success": 0.0
    }
}