{
    "4": {
        "dt": [
            402.0497629669844
        ],
        "success": [
            true
        ],
        "mean_dt": 402.0497629669844,
        "mean_success": 1.0
    }
}