{
    "normal": {
        "dt": [
            151.53036001499277,
            67.66124787391163,
            101.8284725859994,
            260.94225894496776,
            182.57590533001348,
            266.8235994769493,
            196.60233937297016,
            175.2580329310149,
            191.07433499302715,
            179.08566004701424
        ],
        "success": [
            true,
            true,
            true,
            true,
            true,
            true,
            true,
            true,
            true,
            true
        ],
        "mean_dt": 177.33822115708608,
        "mean_success": 1.0,
        "mean_success_t": 177.33822115708608
    },
    "batch=1": {
        "dt": [
            2552.4783507050015,
            184.61082328797784,
            2552.754647226073,
            650.971508673043,
            2730.8036493750988,
            2202.894936197088,
            2400.2310880889418,
            2485.952174538048,
            2204.3275804019067,
            2477.095251154038
        ],
        "success": [
            false,
            true,
            false,
            true,
            false,
            false,
            false,
            false,
            false,
            false
        ],
        "mean_dt": 2044.2120009647217,
        "mean_success": 0.2,
        "mean_success_t": 417.7911659805104
    },
    "lstsq": {
        "dt": [
            509.42712459899485,
            490.5075689640362,
            565.0904715460492,
            400.4330153330229,
            677.492240892956,
            543.0583016560413,
            522.2105210020673,
            562.2169878319837,
            585.8341526159784,
            624.9010721420636
        ],
        "success": [
            false,
            false,
            false,
            false,
            false,
            false,
            false,
            false,
            false,
            false
        ],
        "mean_dt": 548.1171456583194,
        "mean_success": 0.0,
        "mean_success_t": 0
    },
    "reachability regrasp": {
        "dt": [
            119.21121782297269,
            83.69650648906827,
            170.9339388459921,
            71.67545337299816,
            313.2434300929308,
            95.96649802406318,
            164.50855851301458,
            147.54378558695316,
            189.0465511759976,
            175.59431027795654
        ],
        "success": [
            true,
            true,
            true,
            true,
            false,
            true,
            true,
            true,
            true,
            true
        ],
        "mean_dt": 153.1420250201947,
        "mean_success": 0.9,
        "mean_success_t": 135.3529800121129
    },
    "connect from anywhere": {
        "dt": [
            247.2653592460556,
            257.73303264798597,
            76.55944684101269,
            83.13611606904306,
            91.54444096493535,
            112.86413863999769,
            133.65469120908529,
            157.42707389197312,
            183.6694912200328,
            80.33483789302409
        ],
        "success": [
            true,
            true,
            true,
            true,
            true,
            true,
            true,
            true,
            true,
            true
        ],
        "mean_dt": 142.41886286231457,
        "mean_success": 1.0,
        "mean_success_t": 142.41886286231457
    },
    "connect to anywhere": {
        "dt": [
            122.0169568110723,
            119.83715211297385,
            63.70227297907695,
            86.65178375202231,
            82.54099083202891,
            210.29112263792194,
            180.48011655407026,
            126.66826722200494,
            92.03556057496462,
            32.435253055999056
        ],
        "success": [
            true,
            true,
            true,
            true,
            true,
            true,
            true,
            true,
            true,
            true
        ],
        "mean_dt": 111.66594765321352,
        "mean_success": 1.0,
        "mean_success_t": 111.66594765321352
    },
    "no trajectory noise": {
        "dt": [
            181.97087495191954,
            80.57858834299259,
            89.43367662501987,
            82.2137398099294,
            66.58036641101353,
            97.62495427695103,
            104.1689722299343,
            101.21293536003213,
            100.67472784908023,
            54.04464874602854
        ],
        "success": [
            true,
            true,
            true,
            true,
            true,
            true,
            true,
            true,
            true,
            true
        ],
        "mean_dt": 95.85034846029012,
        "mean_success": 1.0,
        "mean_success_t": 95.85034846029012
    },
    "no subgoals": {
        "dt": [
            318.374632757972,
            324.4857413020218,
            259.7547087719431,
            87.74896111700218,
            316.7592285039136,
            292.87622468196787,
            334.693481588969,
            260.64250580291264,
            232.4966004389571,
            67.37922834896017
        ],
        "success": [
            false,
            false,
            true,
            true,
            true,
            true,
            false,
            true,
            true,
            true
        ],
        "mean_dt": 249.52113133146196,
        "mean_success": 0.7,
        "mean_success_t": 216.80820823795096
    }
}