{
    "normal": {
        "dt": [
            286.42575924799894
        ],
        "success": [
            true
        ],
        "mean_dt": 286.42575924799894,
        "mean_success": 1.0
    }
}