{
    "normal": {
        "dt": [
            1709.3236565260158,
            1359.2468900900276,
            1480.6414261639875,
            316.5968792679778,
            2134.453551232,
            297.8613978049834,
            692.7237109179841,
            1058.9979783580056,
            790.3760924619855,
            515.1581058669835
        ],
        "success": [
            true,
            true,
            true,
            true,
            false,
            true,
            true,
            true,
            true,
            true
        ],
        "mean_dt": 1035.537968868995,
        "mean_success": 0.9
    },
    "batch=1": {
        "dt": [
            2185.2851357540058,
            2234.5981341689767,
            3119.651343594014,
            2775.0523566490156,
            720.9992433250009,
            2838.3649169319833,
            1592.111350991996,
            2917.2535111729812,
            459.63499008101644,
            3148.643671690981
        ],
        "success": [
            false,
            true,
            false,
            false,
            true,
            false,
            true,
            false,
            true,
            false
        ],
        "mean_dt": 2199.159465435997,
        "mean_success": 0.4
    },
    "lstsq": {
        "dt": [
            3132.3812748219934,
            2624.890326244,
            2776.974880795984,
            2743.022977474,
            2647.9007751169847,
            2796.778863895015,
            3068.2867287599947,
            2940.2808374939777,
            2534.021874005004,
            2855.6832098719897
        ],
        "success": [
            false,
            false,
            false,
            false,
            false,
            false,
            false,
            false,
            false,
            false
        ],
        "mean_dt": 2812.0221748478943,
        "mean_success": 0.0
    },
    "reachability regrasp": {
        "dt": [
            2355.888627169974,
            1329.5338221530255,
            622.5704174870043,
            2015.9081824509776,
            251.43447758402908,
            376.72449600102846,
            259.11059008695884,
            1819.5415621440043,
            1007.8716310440213,
            428.1491118129925
        ],
        "success": [
            false,
            true,
            true,
            false,
            true,
            true,
            true,
            true,
            true,
            true
        ],
        "mean_dt": 1046.6732917934016,
        "mean_success": 0.8
    },
    "connect from anywhere": {
        "dt": [
            1493.464065355016,
            184.33174570603296,
            1805.8469850890106,
            558.2821548049687,
            323.68176106899045,
            290.30482456699247,
            923.4404332669801,
            246.52875488996506,
            2605.0221820540028,
            985.0805947780027
        ],
        "success": [
            true,
            true,
            true,
            true,
            true,
            true,
            true,
            true,
            false,
            true
        ],
        "mean_dt": 941.5983501579962,
        "mean_success": 0.9
    },
    "connect to anywhere": {
        "dt": [
            634.4466169219813,
            1800.4649987809826,
            433.455963955028,
            823.9521834910265,
            1946.9705808820436,
            665.3921664989903,
            1891.6318876180449,
            1268.521098443016,
            2458.146284023009,
            1977.194140948006
        ],
        "success": [
            true,
            true,
            true,
            true,
            false,
            true,
            false,
            true,
            false,
            false
        ],
        "mean_dt": 1390.0175921562127,
        "mean_success": 0.6
    },
    "no trajectory noise": {
        "dt": [
            164.50664427998709,
            145.1495528119849,
            259.0220715829637,
            144.5262111669872,
            164.19061036396306,
            2431.995261973003,
            146.98462738201488,
            151.17988329101354,
            182.55898219603114,
            2015.9888682910241
        ],
        "success": [
            true,
            true,
            true,
            true,
            true,
            false,
            true,
            true,
            true,
            true
        ],
        "mean_dt": 580.6102713338972,
        "mean_success": 0.9
    },
    "no subgoals": {
        "dt": [
            711.8719350400497,
            754.5322878130246,
            798.4028093709494,
            584.8825000090292,
            476.1249852729961,
            1380.1699943050044,
            299.9895597039722,
            2003.6966083989828,
            1999.607593755005,
            1922.0973800490028
        ],
        "success": [
            true,
            true,
            true,
            true,
            true,
            true,
            true,
            false,
            false,
            false
        ],
        "mean_dt": 1093.1375653718017,
        "mean_success": 0.7
    }
}