{
    "batch_size": {
        "1": {
            "dt": [8.025639653991675, 6.0524804160086205, 7.417275498009985, 8.827280703000724, 10.806356462999247, 8.084705382003449, 6.752856081991922, 5.31465748300252, 9.305566970011569, 10.035330186990905], 
            "success": [false, false, false, false, false, false, false, false, false, false],
            "dt_average": 8.062214883801062, 
            "success_average": 0.0
        }, 
        "2": {
            "dt": [8.876172614996904, 7.954476433005766, 8.714856129998225, 11.25087078800425, 10.983210901002167, 9.868342415997176, 8.576949080001214, 6.112054038996575, 8.62163346199668, 9.181474836004782],
            "success": [false, false, false, false, false, false, false, false, false, false],
            "dt_average": 9.014004070000373, 
            "success_average": 0.0
        }, 
        "4": {
            "dt": [9.059965310996631, 6.607048812991707, 8.03202453198901, 6.460181962989736, 8.958307711000089, 9.093615875011892, 7.853452039009426, 7.74012423500244, 7.424614011993981, 8.733316445010132],
            "success": [false, false, false, false, false, false, false, false, false, false], 
            "dt_average": 7.996265093599504, 
            "success_average": 0.0
        },
        "8": {
            "dt": [8.355769956004224, 8.365219421000802, 6.928660809993744, 7.5163903499924345, 6.73350295900309, 7.709608742006822, 7.413953594994382, 8.126489703005063, 7.274421668989817, 8.867952820000937], 
            "success": [false, false, false, false, false, false, false, false, false, false], 
            "dt_average": 7.729197002499132, 
            "success_average": 0.0
        }, 
        "16": {
            "dt": [7.566983113007154, 7.106461824994767, 6.625578038001549, 6.111658730005729, 6.80408820399316, 6.859503861996927, 7.851931583005353, 7.600028601009399, 7.447085466992576, 8.00151617899246], 
            "success": [false, false, false, false, false, false, false, false, false, false], 
            "dt_average": 7.197483560199908, 
            "success_average": 0.0
        }
    }
}