{
    "1": {
        "dt": [
            223.27655789701384,
            1388.66064319,
            1001.5082863799762,
            3124.2465666169883,
            3154.910688228003,
            2610.5378292600217,
            2717.139097815001,
            1750.4748849690077,
            2844.212676851981,
            2973.1638151929947
        ],
        "success": [
            true,
            true,
            true,
            false,
            false,
            false,
            false,
            true,
            false,
            false
        ],
        "mean_dt": 2178.8131046400986,
        "mean_success": 0.4,
        "mean_success_t": 1090.9800931089994
    },
    "2": {
        "dt": [
            1978.7679040319927,
            1650.0343586049858,
            2229.0314447740093,
            2361.225990373001,
            1579.173895651009,
            1332.5660131839977,
            381.7516941560025,
            2189.569060233014,
            577.0493243520032,
            2494.867684271012
        ],
        "success": [
            false,
            true,
            false,
            false,
            true,
            true,
            true,
            false,
            true,
            false
        ],
        "mean_dt": 1677.4037369631028,
        "mean_success": 0.5,
        "mean_success_t": 1104.1150571895996
    },
    "4": {
        "dt": [
            657.9536637510173,
            1432.889062119997,
            331.7938086699869,
            572.6966146139894,
            1890.0729370180052,
            1967.303194788983,
            511.0341873569996,
            2056.3344489620067,
            2032.7516214829811,
            2132.635716863995
        ],
        "success": [
            true,
            true,
            true,
            true,
            false,
            false,
            true,
            false,
            false,
            false
        ],
        "mean_dt": 1358.5465255627962,
        "mean_success": 0.5,
        "mean_success_t": 701.2734673023981
    },
    "8": {
        "dt": [
            495.73148353298893,
            366.5294504810008,
            979.9507845949847,
            197.22513819899177,
            610.6613908659783,
            1475.6841384709987,
            907.1736187390052,
            1226.7055741089862,
            200.4157251509896,
            2200.9106703810103
        ],
        "success": [
            true,
            true,
            true,
            true,
            true,
            true,
            true,
            true,
            true,
            true
        ],
        "mean_dt": 866.0987974524935,
        "mean_success": 1.0,
        "mean_success_t": 866.0987974524935
    },
    "16": {
        "dt": [
            368.5262280550087,
            355.06567232098314,
            251.85934742199606,
            832.7629546510288,
            1031.184648377006,
            378.30574222595897,
            665.6615437170258,
            1507.303580900014,
            480.01075301796664,
            1983.4568304340355
        ],
        "success": [
            true,
            true,
            true,
            true,
            true,
            true,
            true,
            true,
            true,
            false
        ],
        "mean_dt": 785.4137301121024,
        "mean_success": 0.9,
        "mean_success_t": 652.297830076332
    }
}